title,author,genre,status,rating,link
Good Omens,Terry Pratchett and Neil Gaiman,Comic fantasy,owned,0,-
Deep Learning,"Ian Goodfellow, Yoshua Bengio, and Aaron Courville",Deep learning textbook,want-to-read,3,-
Pattern Recognition and Machine Learning,Christopher M. Bishop,Machine learning textbook,want-to-read,0,-
The Denial of Death,Ernest Becker,Psychology and philosophy,want-to-read,0,-
Pride and Prejudice,Jane Austen,Classic fiction,want-to-read,0,-
The Little Prince,Antoine de Saint-Exupéry,Other,want-to-read,0,-
The Great Gatsby,F. Scott Fitzgerald,Literary fiction,want-to-read,0,-
The Exorcist,William Peter Blatty,Supernatural horror,want-to-read,0,-
Artificial Intelligence: A Modern Approach,Stuart Russell and Peter Norvig,Artificial intelligence textbook,want-to-read,0,-
